,곡명,아티스트,앨범명,페이지
1,"봄날, 벚꽃 그리고 너",에피톤 프로젝트(Epitone Project),긴 여행의 시작,1
2,나는 그 사람이 아프다 (feat. 타루),에피톤 프로젝트(Epitone Project),긴 여행의 시작,1
3,첫사랑,에피톤 프로젝트(Epitone Project),마음속의 단어들,1
4,새벽녘,에피톤 프로젝트(Epitone Project),낯선 도시에서의 하루,1
5,"그대는 어디에 (feat. 한희정) ('지붕뚫고 하이킥' 정음, 지훈 회상씬 삽입곡)",에피톤 프로젝트(Epitone Project),긴 여행의 시작,1
6,불면증 (Vocal by 윤하),에피톤 프로젝트(Epitone Project),불면증 (Vocal by 윤하),1
7,선인장 (Song By 심규선),에피톤 프로젝트(Epitone Project),유실물 보관소,1
8,이화동 (duet with 한희정),에피톤 프로젝트(Epitone Project),유실물 보관소,1
9,선인장 (Vocal 차세정),에피톤 프로젝트(Epitone Project),Short Stories 1 - 선인장,1
10,오늘 (Song By 심규선),에피톤 프로젝트(Epitone Project),유실물 보관소,1
11,미움 (Vocal 손주희),에피톤 프로젝트(Epitone Project),각자의 밤,1
12,환절기,에피톤 프로젝트(Epitone Project),긴 여행의 시작,1
13,한숨이 늘었어 (duet with 이진우),에피톤 프로젝트(Epitone Project),유실물 보관소,1
14,선인장 (Acoustic ver.),에피톤 프로젝트(Epitone Project),Short Stories 1 - 선인장,1
15,아이보리,가을방학,Ten Years After: 두 번째 조우 (Pastel Music 10th Anniversary),1
16,시간,에피톤 프로젝트(Epitone Project),유실물 보관소,1
17,"낯선, 새벽",에피톤 프로젝트(Epitone Project),이혼변호사는 연애중 (SBS 주말드라마) OST - Part.3,1
18,너라는 이유 (Vocal by 김선호),에피톤 프로젝트(Epitone Project),너라는 이유 (Vocal by 김선호),1
19,손편지,에피톤 프로젝트(Epitone Project),유실물 보관소,1
20,유채꽃,에피톤 프로젝트(Epitone Project),유실물 보관소,1
21,해열제 (Song By Sammi),에피톤 프로젝트(Epitone Project),유실물 보관소,1
22,미뉴에트,에피톤 프로젝트(Epitone Project),낯선 도시에서의 하루,1
23,회전목마 (Vocal 손주희),에피톤 프로젝트(Epitone Project),각자의 밤,1
24,"어쩌면, 어쩐지 (duet with 루시아)",에피톤 프로젝트(Epitone Project),"하이드 지킬, 나 (SBS 수목드라마) OST - Part.6",1
25,눈을 뜨면,에피톤 프로젝트(Epitone Project),긴 여행의 시작,1
26,"사랑, 그 숨 막히던 순간",에피톤 프로젝트(Epitone Project),"사랑, 그 숨 막히던 순간 : 연습장",1
27,친퀘테레,에피톤 프로젝트(Epitone Project),각자의 밤,1
28,그녀 (Her),에피톤 프로젝트(Epitone Project),사랑의 단상 Chapter 5 : The Letter From Nowhere,1
29,오늘 (Vocal 차세정),에피톤 프로젝트(Epitone Project),Short Stories 1 - 선인장,1
30,떠나자,에피톤 프로젝트(Epitone Project),낯선 도시에서의 하루,1
31,다음날 아침 (duet with 한희정),에피톤 프로젝트(Epitone Project),낯선 도시에서의 하루,1
32,믿을게,에피톤 프로젝트(Epitone Project),낯선 도시에서의 하루,1
33,나의 밤,에피톤 프로젝트(Epitone Project),각자의 밤,1
34,첫사랑 (Drama Ver.),에피톤 프로젝트(Epitone Project),어쩌다 발견한 하루 OST Part.4,1
35,환상곡 (Vocal 선우정아),에피톤 프로젝트(Epitone Project),각자의 밤,1
36,좋았던 순간은 늘 잔인하다,에피톤 프로젝트(Epitone Project),1229,1
37,시차,에피톤 프로젝트(Epitone Project),낯선 도시에서의 하루,1
38,"이제, 여기에서",에피톤 프로젝트(Epitone Project),낯선 도시에서의 하루,1
39,조금이라도 위로가 된다면 곁에 있을게,에피톤 프로젝트(Epitone Project),위로 : 에피톤 프로젝트 X 착플리 프로젝트 VOL.2,1
40,반짝반짝 빛나는 (Song By 조예진),에피톤 프로젝트(Epitone Project),유실물 보관소,1
41,우리의 음악,에피톤 프로젝트(Epitone Project),낯선 도시에서의 하루,1
42,나무,에피톤 프로젝트(Epitone Project),마음속의 단어들,1
43,연착,에피톤 프로젝트(Epitone Project),마음속의 단어들,1
44,낮잠,에피톤 프로젝트(Epitone Project),각자의 밤,1
45,긴 여행의 시작,에피톤 프로젝트(Epitone Project),긴 여행의 시작,1
46,푸르른 날에,에피톤 프로젝트(Epitone Project),마음속의 단어들,1
47,각자의 밤,에피톤 프로젝트(Epitone Project),각자의 밤,1
48,초보비행,에피톤 프로젝트(Epitone Project),낯선 도시에서의 하루,1
49,유실물 보관소,에피톤 프로젝트(Epitone Project),유실물 보관소,1
50,좋았던 순간은 늘 잔인하다,에피톤 프로젝트(Epitone Project),긴 여행의 시작,1
51,소나기,에피톤 프로젝트(Epitone Project),마음속의 단어들,2
52,희망고문,에피톤 프로젝트(Epitone Project),긴 여행의 시작,2
53,플레어 (Vocal Azin),에피톤 프로젝트(Epitone Project),각자의 밤,2
54,환기,에피톤 프로젝트(Epitone Project),각자의 밤,2
55,나비섬 (Original Song 짙은),에피톤 프로젝트(Epitone Project),Ten Years After : 6th Single (10 Anniversary Pastel Music),2
56,달콤씁쓸한,에피톤 프로젝트(Epitone Project),기착寄着,2
57,유서,에피톤 프로젝트(Epitone Project),각자의 밤,2
58,불안,에피톤 프로젝트(Epitone Project),각자의 밤,2
59,좁은 문,에피톤 프로젝트(Epitone Project),유실물 보관소,2
60,봄의 멜로디,에피톤 프로젝트(Epitone Project),유실물 보관소,2
61,어른,에피톤 프로젝트(Epitone Project),마음속의 단어들,2
62,5122,에피톤 프로젝트(Epitone Project),낯선 도시에서의 하루,2
63,그대 내게 어떤 사랑이었나,에피톤 프로젝트(Epitone Project),마음속의 단어들,2
64,잡음,에피톤 프로젝트(Epitone Project),긴 여행의 시작,2
65,너 어디쯤에서부터 오고있는지,에피톤 프로젝트(Epitone Project),1229,2
66,시월의 주말,에피톤 프로젝트(Epitone Project),각자의 밤,2
67,이름,에피톤 프로젝트(Epitone Project),마음속의 단어들,2
68,꿈에 네가 보인다,에피톤 프로젝트(Epitone Project),긴 여행의 시작,2
69,터미널,에피톤 프로젝트(Epitone Project),낯선 도시에서의 하루,2
70,"편린일지라도, 내 잃어버린 기억",에피톤 프로젝트(Epitone Project),긴 여행의 시작,2
71,노크 knock (Vocal by 윤아 (YOONA)),에피톤 프로젝트(Epitone Project),노크 knock,2
72,마음을 널다,에피톤 프로젝트(Epitone Project),마음속의 단어들,2
73,간격은 허물어졌다,에피톤 프로젝트(Epitone Project),긴 여행의 시작,2
74,초록,에피톤 프로젝트(Epitone Project),도도솔솔라라솔 OST Part.8,2
75,자유낙하,에피톤 프로젝트(Epitone Project),기착寄着,2
76,서랍을 열다,에피톤 프로젝트(Epitone Project),유실물 보관소,2
77,자장가,에피톤 프로젝트(Epitone Project),마음속의 단어들,2
78,"봄날, 벚꽃 그리고 너 Strings",에피톤 프로젝트(Epitone Project),Short Stories 1 - 선인장,2
79,눈 오는 날의 풍경,에피톤 프로젝트(Epitone Project),기착寄着,2
80,국경을 넘는 기차,에피톤 프로젝트(Epitone Project),낯선 도시에서의 하루,2
81,reprise,에피톤 프로젝트(Epitone Project),마음속의 단어들,2
82,Sketch 1,에피톤 프로젝트(Epitone Project),Short Stories 1 - 선인장,2
83,3215 (Jey),에피톤 프로젝트(Epitone Project),At Your Favorite Place,2
84,Beethoven의 Prelude에 의한,에피톤 프로젝트(Epitone Project),1229,2
85,"낯선, 새벽 (inst.)",에피톤 프로젝트(Epitone Project),이혼변호사는 연애중 (SBS 주말드라마) OST - Part.3,2
86,"편린일지라도, 내 잃어버린 기억",에피톤 프로젝트(Epitone Project),1229,2
87,랏소,에피톤 프로젝트(Epitone Project),기착寄着,2
88,그대와의 꿈,에피톤 프로젝트(Epitone Project),기착寄着,2
89,1229,에피톤 프로젝트(Epitone Project),1229,2
90,슬픈 해바라기처럼,에피톤 프로젝트(Epitone Project),1229,2
91,잡음,에피톤 프로젝트(Epitone Project),At Your Favorite Place,2
92,Sketch 2,에피톤 프로젝트(Epitone Project),Short Stories 1 - 선인장,2
93,오늘 (Black Sky),에피톤 프로젝트(Epitone Project),At Your Favorite Place,2
94,두 남녀의 대화,에피톤 프로젝트(Epitone Project),1229,2
95,작별,에피톤 프로젝트(Epitone Project),기착寄着,2
96,"벚꽃지던 삼성동, 웨딩드레스",에피톤 프로젝트(Epitone Project),1229,2
97,꿈에 네가 보인다,에피톤 프로젝트(Epitone Project),At Your Favorite Place,2
98,아이보리 (inst.),가을방학,Ten Years After: 두 번째 조우 (Pastel Music 10th Anniversary),2
99,추억으로 너를 묶는다,에피톤 프로젝트(Epitone Project),1229,2
100,데이트 (Epitone),에피톤 프로젝트(Epitone Project),At Your Favorite Place,2
101,"사랑, 그 숨 막히던 순간 (Inst.)",에피톤 프로젝트(Epitone Project),"사랑, 그 숨 막히던 순간 : 연습장",3
102,Binoche,에피톤 프로젝트(Epitone Project),At Your Favorite Place,3
103,간격은 허물어졌다,에피톤 프로젝트(Epitone Project),At Your Favorite Place,3
104,Prelude,에피톤 프로젝트(Epitone Project),Short Stories 1 - 선인장,3
105,첫사랑 (Drama Ver.) (Inst.),에피톤 프로젝트(Epitone Project),어쩌다 발견한 하루 OST Part.4,3
106,초록 (Inst.),에피톤 프로젝트(Epitone Project),도도솔솔라라솔 OST Part.8,3
107,불면증 (Vocal by 윤하) (Inst.),에피톤 프로젝트(Epitone Project),불면증 (Vocal by 윤하),3
108,너라는 이유 (Vocal by 김선호) (Inst.),에피톤 프로젝트(Epitone Project),너라는 이유 (Vocal by 김선호),3
109,조금이라도 위로가 된다면 곁에 있을게 (Inst.),에피톤 프로젝트(Epitone Project),위로 : 에피톤 프로젝트 X 착플리 프로젝트 VOL.2,3
110,초록 (Inst.),에피톤 프로젝트(Epitone Project),도도솔솔라라솔 OST,3
111,초록,에피톤 프로젝트(Epitone Project),도도솔솔라라솔 OST,3
112,첫사랑 (Drama Ver.) (Inst.),에피톤 프로젝트(Epitone Project),어쩌다 발견한 하루 OST,3
113,첫사랑 (Drama Ver.),에피톤 프로젝트(Epitone Project),어쩌다 발견한 하루 OST,3
114,"낯선, 새벽",에피톤 프로젝트(Epitone Project),이혼변호사는 연애중 (SBS 주말드라마) OST,3
115,환절기,에피톤 프로젝트(Epitone Project),"열여덟, 열아홉",3
116,"봄날, 벚꽃 그리고 너",에피톤 프로젝트(Epitone Project),"열여덟, 열아홉",3
117,"그대는 어디에 (feat. 한희정) ('지붕뚫고 하이킥' 정음, 지훈 회상씬 삽입곡)",에피톤 프로젝트(Epitone Project),사랑의 단상 Chapter 2 : This Is Not A Love Song,3
118,"그대는 어디에 (feat. 한희정) ('지붕뚫고 하이킥' 정음, 지훈 회상씬 삽입곡)",에피톤 프로젝트(Epitone Project),1st Story Of 사랑의 단상 Chapter 2 : This Is Not A Love Song,3
119,"봄날, 벚꽃 그리고 너",에피톤 프로젝트(Epitone Project),At Your Favorite Place,3
120,그대 내게 기대,에피톤 프로젝트(Epitone Project),그대 내게 기대 (아로나민 50주년 기념 음반),3
121,"고백 (feat. 이진우, 조예진 From 루싸이트 토끼)",에피톤 프로젝트(Epitone Project),"결코 끝나지 않을 우리들의 이야기 (Hommage To Moonrise, Pastelmusic Presents)",3
122,기도 (duet with 이진우),에피톤 프로젝트(Epitone Project),"결코 끝나지 않을 우리들의 이야기 (Hommage To Moonrise, Pastelmusic Presents)",3
123,바이올렛,에피톤 프로젝트(Epitone Project),사랑의 단상 Chapter 1 : With Or Without You,3
124,그대는 어디에 (feat. 한희정),에피톤 프로젝트(Epitone Project),Sky (김하늘 & 파스텔뮤직 컴필레이션),3
125,새벽녘,에피톤 프로젝트(Epitone Project),Sky (김하늘 & 파스텔뮤직 컴필레이션),3
126,다음날 아침 (duet with 한희정),에피톤 프로젝트(Epitone Project),Sky (김하늘 & 파스텔뮤직 컴필레이션),3
127,나는 그 사람이 아프다 (feat. 타루),에피톤 프로젝트(Epitone Project),Sky (김하늘 & 파스텔뮤직 컴필레이션),3
128,그대는 어디에 (feat. 한희정),에피톤 프로젝트(Epitone Project),Your Favorite Songs (Ten Years After: Pastel Music 10th Anniversary),3
129,나는 그 사람이 아프다 (feat. 타루),에피톤 프로젝트(Epitone Project),Your Favorite Songs (Ten Years After: Pastel Music 10th Anniversary),3
130,나비섬 (Original Song. 짙은),에피톤 프로젝트(Epitone Project),Epitone Project & 이진우 Curated Ten Years After: Pastel Music 10th Anniversary,3
131,잡음,에피톤 프로젝트(Epitone Project),Casker & Fanny Fink Curated Ten Years After: Pastel Music 10th Anniversary,3
132,아이보리,가을방학,New Days & New Beginning (Ten Years After: Pastel Music 10th Anniversary),3
133,나는 그 사람이 아프다. (오스트레일리아 울룰루 '세상의 중심에서 사랑을 외치다' - 그 밤 나는 별의 잔해였다),에피톤 프로젝트(Epitone Project),천일의 몽상 - 이동진의 여행과 영화와 음악이 함께 있는 풍경,3
134,희망고문,에피톤 프로젝트(Epitone Project),사랑의 단상 Chapter 1 : With Or Without You,3
135,나는 그 사람이 아프다 (feat. 타루) ('우결' 쌍추커플 이별씬 삽입곡),에피톤 프로젝트(Epitone Project),사랑의 단상 Chapter 1 : With Or Without You,3
